{
  "hash": "b3214526",
  "configHash": "90e8857d",
  "lockfileHash": "ad426c4d",
  "browserHash": "b5a93632",
  "optimized": {
    "@angular/core": {
      "src": "../../../../../node_modules/@angular/core/fesm2022/core.mjs",
      "file": "@angular_core.js",
      "fileHash": "35af74da",
      "needsInterop": false
    },
    "@angular/platform-browser": {
      "src": "../../../../../node_modules/@angular/platform-browser/fesm2022/platform-browser.mjs",
      "file": "@angular_platform-browser.js",
      "fileHash": "c03f9073",
      "needsInterop": false
    },
    "@angular/router": {
      "src": "../../../../../node_modules/@angular/router/fesm2022/router.mjs",
      "file": "@angular_router.js",
      "fileHash": "2e6f24ba",
      "needsInterop": false
    },
    "@angular/forms": {
      "src": "../../../../../node_modules/@angular/forms/fesm2022/forms.mjs",
      "file": "@angular_forms.js",
      "fileHash": "405d5d3c",
      "needsInterop": false
    },
    "@angular/common": {
      "src": "../../../../../node_modules/@angular/common/fesm2022/common.mjs",
      "file": "@angular_common.js",
      "fileHash": "3fcbafc0",
      "needsInterop": false
    },
    "@angular/common/http": {
      "src": "../../../../../node_modules/@angular/common/fesm2022/http.mjs",
      "file": "@angular_common_http.js",
      "fileHash": "784c7dda",
      "needsInterop": false
    }
  },
  "chunks": {
    "chunk-O5QTEVWQ": {
      "file": "chunk-O5QTEVWQ.js"
    },
    "chunk-UTLVR4YW": {
      "file": "chunk-UTLVR4YW.js"
    },
    "chunk-C6P4HLFX": {
      "file": "chunk-C6P4HLFX.js"
    },
    "chunk-IIXUBVVP": {
      "file": "chunk-IIXUBVVP.js"
    }
  }
}